{"confusion_matrix":{"sha256":"d8c3de7407906c0503822faba945a0db450ad1cebdde5e3f66e449ba5f0c9421","size":132791,"path":"media/images/confusion_matrix_0_d8c3de7407906c050382.png","format":"png","width":1000,"height":1000,"_type":"image-file"},"_timestamp":1.7331842944881828e+09,"_runtime":6.531717981,"_step":0,"AUC":0.9484350726721995,"_wandb":{"runtime":6}}